emg1_min,emg1_max,emg2_min,emg2_max,emg3_min,emg3_max,emg4_min,emg4_max,emg5_min,emg5_max,emg6_min,emg6_max,emg7_min,emg7_max,emg8_min,emg8_max,movement
-95,70,-34,46,-17,19,-6,5,-4,2,-5,5,-11,8,-44,39,0
-23,20,-16,11,-6,6,-4,2,-4,3,-3,1,-5,5,-13,7,0
-52,22,-12,14,-7,6,-5,4,-4,3,-4,2,-6,3,-16,12,0
-30,24,-12,9,-6,7,-4,2,-4,2,-4,3,-4,2,-13,7,0
-40,23,-16,16,-7,6,-5,5,-4,3,-4,2,-5,3,-22,6,0
-38,23,-11,16,-7,5,-5,3,-5,2,-5,2,-5,3,-13,9,0
-8,6,-22,36,-10,10,-5,3,-4,2,-3,2,-11,4,-40,20,0
-57,39,-31,26,-14,7,-6,4,-5,2,-4,3,-10,8,-20,20,0
-40,27,-14,15,-8,9,-5,3,-3,2,-4,2,-11,3,-20,15,0
-27,18,-20,16,-5,6,-4,2,-3,1,-5,2,-14,2,-26,20,0
-101,61,-26,23,-8,7,-7,6,-6,7,-5,5,-10,7,-54,72,0
-87,54,-20,18,-10,7,-6,3,-5,2,-5,2,-15,8,-38,32,0
-80,62,-19,18,-11,5,-7,3,-5,3,-4,1,-11,6,-34,25,0
-21,6,-18,22,-6,6,-5,3,-4,1,-6,1,-20,5,-26,34,0
-7,5,-16,18,-7,7,-5,5,-4,3,-4,2,-7,4,-21,19,0
-40,50,-14,16,-8,5,-10,8,-53,35,-7,3,-8,5,-24,23,0
-43,38,-16,18,-6,5,-6,4,-4,2,-4,2,-10,6,-20,23,0
-66,30,-16,15,-9,5,-7,3,-6,2,-6,3,-17,9,-21,23,0
-64,67,-17,16,-10,6,-5,3,-4,3,-5,3,-13,7,-44,32,0
-39,22,-14,18,-8,6,-5,3,-5,2,-5,2,-13,7,-22,16,0
-56,32,-21,20,-8,8,-7,3,-5,2,-4,3,-12,10,-34,40,0
-69,21,-16,19,-9,7,-6,4,-3,2,-3,2,-13,7,-23,27,0
-44,51,-19,19,-9,9,-5,4,-5,3,-4,1,-9,10,-33,30,0
-40,36,-20,20,-9,10,-7,3,-5,2,-4,2,-10,7,-30,27,0
-39,22,-12,33,-7,7,-5,3,-4,2,-4,1,-15,8,-35,34,0
-20,12,-14,16,-9,9,-5,4,-5,2,-5,2,-12,6,-38,32,0
-54,53,-22,12,-8,5,-5,4,-4,2,-4,2,-9,4,-26,28,0
-18,15,-23,16,-8,6,-6,2,-5,2,-4,1,-7,3,-22,12,0
-80,40,-28,20,-8,13,-8,5,-4,3,-5,2,-12,7,-29,17,0
-27,21,-28,29,-10,7,-7,6,-5,3,-4,3,-11,4,-41,23,0
-27,18,-23,16,-7,6,-8,5,-5,3,-3,1,-7,3,-22,28,0
-36,22,-24,18,-9,7,-5,4,-4,4,-4,3,-7,5,-34,25,0
-58,34,-18,16,-7,6,-6,5,-5,3,-4,2,-9,8,-41,39,0
-66,30,-15,17,-7,6,-5,4,-4,4,-6,4,-9,5,-24,28,0
-65,32,-25,21,-7,6,-7,5,-5,3,-5,2,-11,8,-51,46,0
-90,26,-19,21,-9,11,-10,4,-10,4,-5,3,-11,6,-54,34,0
-55,45,-26,19,-9,8,-6,5,-6,3,-5,4,-14,12,-70,39,0
-72,47,-28,23,-10,9,-5,4,-4,2,-6,2,-9,7,-30,26,0
-30,13,-19,21,-7,6,-5,3,-4,2,-4,3,-8,9,-28,18,0
-31,14,-17,18,-8,6,-6,4,-4,2,-4,1,-10,5,-20,19,0
-67,69,-23,23,-9,9,-7,5,-7,5,-5,3,-14,6,-26,24,0
-53,35,-16,13,-8,9,-8,5,-5,2,-6,2,-13,8,-15,24,0
-54,39,-21,18,-8,10,-6,4,-4,3,-5,5,-16,6,-32,22,0
-52,21,-14,15,-7,6,-6,6,-4,2,-7,2,-13,7,-16,15,0
-78,48,-19,25,-9,11,-6,5,-5,4,-4,2,-19,7,-27,24,0
-57,26,-18,15,-12,13,-6,3,-4,3,-4,2,-11,5,-30,19,0
-32,16,-12,12,-8,7,-6,5,-5,3,-4,1,-9,8,-22,17,0
-97,51,-20,19,-11,6,-7,7,-6,4,-10,4,-14,7,-21,27,0
-43,24,-13,11,-7,10,-5,3,-5,4,-4,1,-11,6,-15,12,0
-25,27,-22,16,-8,7,-5,5,-6,2,-4,3,-14,6,-22,27,0
-70,42,-21,18,-7,8,-4,3,-4,2,-5,3,-11,4,-29,26,0
-33,23,-17,21,-7,6,-5,2,-7,5,-4,2,-12,6,-17,12,0
-34,18,-22,19,-8,10,-4,3,-4,2,-3,2,-5,3,-20,11,0
-61,34,-12,16,-7,6,-4,3,-3,1,-4,2,-7,3,-18,16,0
-29,18,-17,22,-8,6,-5,3,-4,2,-4,2,-8,3,-18,15,0
-22,13,-12,14,-7,6,-4,4,-5,2,-6,3,-25,9,-26,13,0
-54,34,-16,19,-9,9,-7,4,-4,2,-4,2,-7,4,-33,29,0
-23,25,-19,22,-8,7,-5,5,-4,3,-5,3,-12,11,-16,14,0
-87,37,-17,18,-7,7,-6,5,-4,4,-5,3,-10,4,-36,22,0
-29,17,-12,16,-7,7,-6,3,-7,3,-6,3,-24,14,-19,15,0
-87,50,-13,15,-7,7,-5,3,-4,2,-4,2,-11,5,-23,18,0
-17,17,-15,16,-7,6,-5,3,-4,3,-4,2,-11,5,-15,20,0
-20,19,-14,17,-8,6,-4,4,-3,2,-4,2,-6,2,-17,23,0
-15,9,-23,17,-6,6,-6,5,-5,2,-7,3,-9,5,-18,17,0
-7,5,-17,13,-6,6,-5,3,-4,2,-3,2,-4,2,-15,9,0
-16,12,-14,12,-6,5,-4,3,-4,2,-4,1,-6,2,-25,13,0
-16,10,-15,14,-7,7,-6,4,-5,2,-4,2,-5,3,-20,17,0
-101,78,-20,20,-7,8,-5,2,-4,2,-5,2,-11,8,-29,16,0
-22,9,-14,15,-7,7,-5,4,-4,2,-5,2,-5,3,-17,10,0
-17,7,-24,16,-7,6,-5,3,-4,2,-5,2,-14,9,-16,12,0
-34,42,-17,19,-10,6,-7,4,-5,3,-5,2,-10,3,-38,15,0
-21,17,-18,16,-8,7,-5,3,-5,2,-4,2,-8,2,-21,16,0
-11,12,-15,22,-7,6,-5,2,-4,2,-4,2,-5,2,-15,11,0
-25,12,-21,21,-7,6,-5,3,-3,2,-4,1,-8,3,-21,15,0
-56,24,-18,17,-8,5,-6,3,-4,3,-6,2,-19,4,-18,18,0
-77,36,-24,27,-10,11,-6,5,-6,6,-6,3,-16,11,-30,16,0
-33,22,-17,20,-9,9,-4,4,-4,2,-6,2,-20,15,-31,19,0
-56,19,-13,23,-8,6,-5,3,-4,3,-7,2,-20,8,-17,16,0
-88,51,-19,19,-8,11,-5,4,-4,2,-6,2,-12,7,-24,11,0
-30,23,-19,20,-9,12,-6,5,-4,2,-6,3,-15,7,-22,15,0
-43,37,-18,19,-11,11,-6,4,-6,3,-8,4,-17,10,-22,15,0
-65,37,-26,15,-8,10,-5,3,-4,2,-6,3,-16,16,-20,13,0
-99,83,-27,21,-9,9,-6,3,-5,2,-5,2,-9,5,-28,21,0
-55,24,-18,20,-9,9,-6,3,-4,2,-5,5,-18,10,-19,20,0
-95,51,-21,25,-9,7,-6,4,-4,3,-8,5,-26,16,-33,30,0
-35,18,-25,22,-10,9,-5,4,-4,3,-5,4,-13,8,-16,20,0
-29,22,-23,32,-7,10,-7,5,-5,3,-6,4,-17,9,-52,26,0
-39,39,-21,21,-8,6,-6,3,-4,2,-6,4,-16,10,-37,30,0
-48,22,-23,24,-10,11,-6,4,-5,3,-8,3,-31,21,-25,24,0
-63,18,-23,27,-7,10,-6,4,-5,3,-9,6,-25,20,-25,25,0
-30,21,-24,19,-9,7,-9,7,-5,3,-10,4,-25,21,-27,31,0
-57,49,-19,17,-9,12,-5,4,-4,4,-8,4,-28,14,-38,46,0
-57,31,-27,24,-9,6,-6,4,-5,4,-6,2,-13,6,-25,20,0
-69,24,-27,16,-7,8,-6,4,-7,4,-7,5,-16,18,-32,24,0
-77,69,-23,21,-8,10,-7,8,-7,4,-8,7,-38,23,-52,29,0
-61,29,-19,19,-8,8,-8,5,-5,3,-5,3,-18,13,-33,40,0
-48,33,-30,19,-8,6,-6,4,-5,2,-8,3,-27,11,-79,84,0
-64,35,-21,18,-9,9,-6,7,-5,2,-8,4,-24,9,-61,56,0
-76,39,-22,22,-9,9,-7,7,-5,5,-7,4,-21,14,-44,30,0
-60,32,-20,19,-8,12,-7,4,-6,4,-10,5,-25,17,-39,32,0
-128,127,-104,102,-61,41,-40,23,-34,19,-38,24,-98,72,-120,127,1
-128,127,-111,127,-66,74,-41,46,-36,41,-44,55,-74,90,-128,127,1
-128,127,-103,95,-46,55,-30,35,-27,31,-33,32,-67,61,-114,109,1
-128,127,-112,113,-63,73,-45,41,-35,33,-55,36,-121,84,-100,127,1
-128,127,-128,114,-69,55,-42,38,-36,32,-45,36,-87,70,-117,112,1
-102,127,-105,72,-61,44,-36,27,-31,21,-40,31,-98,98,-117,108,1
-121,127,-128,125,-87,88,-58,60,-44,40,-41,33,-80,79,-126,127,1
-128,127,-128,110,-75,65,-45,44,-42,34,-58,34,-95,59,-128,126,1
-119,127,-92,82,-49,54,-39,31,-32,29,-35,31,-101,93,-128,127,1
-128,127,-122,99,-81,51,-51,37,-38,32,-42,33,-101,94,-118,127,1
-128,123,-95,77,-68,57,-48,34,-32,28,-38,28,-87,47,-125,109,1
-128,127,-128,127,-80,64,-71,66,-57,108,-57,44,-92,88,-99,127,1
-128,127,-113,110,-75,63,-47,38,-44,42,-47,40,-105,107,-115,106,1
-119,127,-106,127,-63,65,-45,50,-84,47,-43,40,-87,84,-128,127,1
-128,127,-110,91,-77,47,-63,46,-88,56,-52,34,-81,102,-117,94,1
-124,127,-108,105,-62,55,-54,55,-42,44,-40,42,-63,69,-111,118,1
-111,127,-116,114,-68,50,-39,25,-36,21,-36,23,-90,90,-115,99,1
-128,127,-83,85,-42,44,-28,26,-26,25,-34,31,-73,114,-128,127,1
-93,127,-98,81,-38,39,-26,28,-23,22,-27,28,-68,55,-111,121,1
-128,127,-125,119,-83,62,-52,43,-44,33,-59,37,-110,69,-128,108,1
-128,127,-128,127,-91,94,-60,58,-51,47,-55,54,-83,94,-119,109,1
-93,127,-116,106,-79,48,-54,24,-50,23,-75,29,-101,97,-110,102,1
-128,107,-118,118,-62,51,-38,28,-34,25,-48,38,-105,95,-128,105,1
-124,127,-108,127,-39,59,-52,48,-32,36,-34,42,-53,71,-128,121,1
-128,117,-101,78,-50,47,-30,30,-71,33,-36,25,-79,56,-128,98,1
-128,127,-92,121,-37,47,-28,31,-26,26,-34,31,-76,59,-124,127,1
-128,119,-117,99,-80,76,-44,50,-42,43,-54,44,-100,71,-118,116,1
-128,127,-128,100,-57,57,-45,38,-39,37,-55,42,-118,104,-128,127,1
-128,127,-105,127,-49,47,-32,32,-26,28,-31,32,-92,79,-101,97,1
-119,127,-110,107,-56,51,-56,42,-38,31,-45,33,-99,86,-110,122,1
-128,127,-121,103,-69,58,-48,34,-40,32,-57,40,-110,121,-106,92,1
-128,127,-128,83,-61,60,-44,45,-33,38,-43,42,-90,116,-128,127,1
-120,127,-128,127,-63,60,-47,56,-42,25,-48,37,-83,104,-128,127,1
-128,127,-83,88,-41,43,-28,31,-26,28,-34,33,-54,55,-100,127,1
-128,120,-114,124,-74,71,-48,45,-41,39,-45,46,-68,84,-108,127,1
-128,127,-85,75,-50,41,-30,27,-28,25,-39,33,-93,90,-112,109,1
-104,118,-106,89,-57,46,-37,28,-28,28,-38,28,-84,105,-117,95,1
-127,127,-127,125,-89,60,-51,33,-44,27,-61,32,-118,73,-126,127,1
-120,127,-126,108,-59,58,-39,34,-34,22,-40,26,-85,101,-128,114,1
-120,121,-128,114,-81,69,-55,42,-43,34,-54,41,-85,89,-128,127,1
-128,127,-107,127,-66,75,-43,45,-33,38,-41,46,-76,78,-110,127,1
-128,127,-128,115,-84,62,-47,33,-38,26,-46,36,-128,62,-110,110,1
-113,127,-113,124,-70,79,-49,51,-46,44,-59,50,-98,88,-128,127,1
-128,127,-128,127,-71,83,-39,52,-35,43,-45,55,-78,114,-111,127,1
-128,127,-126,127,-81,61,-54,41,-49,34,-59,46,-80,99,-115,88,1
-128,127,-128,93,-59,52,-43,38,-36,31,-41,44,-90,77,-121,123,1
-128,127,-109,127,-82,70,-51,44,-42,37,-49,43,-79,88,-110,127,1
-128,127,-96,89,-59,48,-42,27,-33,22,-37,30,-69,41,-128,127,1
-112,127,-106,100,-68,57,-40,35,-33,30,-44,36,-105,82,-118,127,1
-128,127,-127,115,-118,62,-76,31,-58,30,-65,37,-99,122,-128,122,1
-128,127,-121,114,-90,62,-61,35,-51,27,-59,28,-128,61,-95,126,1
-100,127,-118,87,-41,45,-25,24,-24,21,-31,25,-68,65,-95,91,1
-128,127,-94,67,-57,43,-32,22,-29,19,-30,22,-57,47,-125,101,1
-127,127,-82,104,-44,73,-35,48,-26,38,-30,43,-85,90,-111,127,1
-114,127,-85,78,-58,40,-34,26,-28,23,-29,23,-85,71,-107,93,1
-122,127,-127,91,-53,50,-32,47,-27,24,-35,33,-55,74,-123,119,1
-128,127,-73,94,-41,45,-33,30,-22,24,-25,29,-40,50,-91,116,1
-127,127,-99,114,-49,49,-28,27,-32,27,-34,38,-77,106,-101,127,1
-101,127,-71,97,-38,63,-32,50,-29,35,-43,46,-93,127,-101,107,1
-95,127,-103,99,-70,61,-56,42,-41,34,-53,45,-108,103,-110,106,1
-127,127,-112,70,-55,45,-33,25,-30,20,-45,28,-103,72,-118,110,1
-88,127,-98,127,-41,56,-26,34,-25,26,-25,33,-68,61,-103,127,1
-123,127,-91,125,-62,67,-45,45,-39,35,-43,39,-86,62,-108,127,1
-122,127,-91,111,-46,51,-30,36,-26,30,-35,54,-68,108,-128,127,1
-128,127,-103,76,-58,38,-33,25,-29,20,-36,24,-66,81,-107,127,1
-126,127,-94,70,-49,41,-33,25,-26,20,-35,24,-64,68,-114,110,1
-128,127,-96,115,-51,56,-30,35,-24,34,-29,41,-97,71,-128,127,1
-128,127,-102,99,-66,61,-44,37,-38,26,-45,30,-89,50,-128,107,1
-128,127,-69,81,-53,57,-47,37,-25,34,-33,38,-75,103,-111,127,1
-120,127,-109,116,-80,66,-47,41,-39,34,-49,41,-92,81,-122,120,1
-128,127,-106,70,-73,79,-34,29,-27,20,-34,20,-60,43,-117,110,1
-128,127,-128,118,-78,71,-56,58,-34,27,-42,36,-72,63,-128,112,1
-128,127,-112,103,-72,58,-76,71,-28,31,-44,36,-103,104,-119,127,1
-107,127,-113,96,-47,48,-65,56,-35,19,-44,22,-79,49,-128,114,1
-124,127,-120,97,-50,39,-40,40,-24,17,-30,22,-62,60,-126,84,1
-114,122,-85,66,-41,37,-31,32,-27,18,-42,44,-98,81,-87,119,1
-101,127,-78,127,-54,61,-37,39,-50,37,-46,50,-79,80,-106,115,1
-116,127,-99,98,-52,43,-34,27,-28,20,-38,34,-75,92,-128,127,1
-117,117,-107,93,-54,46,-38,36,-35,32,-44,40,-77,67,-128,105,1
-109,127,-128,116,-40,53,-29,31,-30,23,-42,32,-85,73,-116,127,1
-125,127,-79,127,-49,50,-38,50,-25,28,-32,37,-95,102,-128,127,1
-122,127,-128,127,-82,81,-49,52,-44,41,-53,51,-94,94,-115,108,1
-101,127,-124,92,-63,52,-32,34,-24,28,-32,34,-66,94,-128,123,1
-128,127,-128,96,-98,47,-58,32,-54,36,-65,46,-87,76,-128,127,1
-115,127,-122,95,-47,42,-29,27,-26,21,-40,29,-86,67,-128,124,1
-128,127,-102,112,-60,60,-39,40,-36,37,-45,40,-91,86,-128,127,1
-128,127,-122,123,-76,70,-53,47,-46,38,-53,48,-93,107,-128,127,1
-128,127,-128,111,-82,67,-47,41,-87,50,-71,53,-128,123,-128,127,1
-126,127,-128,110,-68,51,-43,30,-36,24,-48,30,-87,61,-105,127,1
-128,127,-106,112,-61,51,-43,33,-37,29,-38,40,-62,72,-110,111,1
-128,117,-104,96,-65,62,-53,43,-38,32,-50,37,-80,93,-128,127,1
-100,127,-107,127,-43,42,-27,30,-29,21,-48,40,-93,88,-90,127,1
-128,127,-128,127,-91,106,-37,40,-28,33,-36,38,-72,87,-111,110,1
-128,127,-99,108,-51,60,-36,36,-29,38,-39,42,-80,83,-113,95,1
-122,127,-100,74,-63,46,-47,28,-36,26,-36,29,-113,70,-128,123,1
-111,127,-128,100,-71,57,-48,34,-44,23,-51,30,-83,71,-105,127,1
-128,127,-87,99,-43,51,-44,50,-29,37,-44,44,-107,78,-95,123,1
-124,127,-128,104,-101,75,-67,47,-50,44,-66,45,-95,78,-128,127,1
-128,127,-128,109,-72,67,-47,44,-40,32,-51,41,-128,105,-120,119,1
-106,118,-128,127,-128,118,-63,83,-40,42,-46,38,-80,95,-96,116,1
-32,30,-22,20,-51,64,-128,121,-122,127,-106,113,-67,70,-74,83,2
-24,29,-24,15,-52,55,-127,127,-123,127,-116,127,-62,60,-66,50,2
-47,19,-17,16,-41,27,-128,127,-97,117,-103,110,-60,46,-43,49,2
-46,34,-20,14,-30,36,-128,115,-102,113,-88,127,-78,65,-46,52,2
-36,44,-25,27,-56,67,-128,127,-128,127,-128,118,-57,61,-80,85,2
-61,60,-25,18,-86,72,-121,127,-96,127,-71,83,-92,109,-88,78,2
-41,43,-21,17,-78,58,-128,127,-128,123,-107,127,-111,57,-92,68,2
-41,58,-25,20,-59,53,-128,127,-128,109,-115,95,-87,100,-56,80,2
-39,19,-16,13,-35,34,-123,127,-108,127,-120,87,-64,76,-62,46,2
-68,37,-24,19,-80,47,-128,127,-128,127,-110,126,-69,74,-80,66,2
-39,37,-25,22,-34,34,-128,127,-128,127,-121,127,-128,105,-80,89,2
-36,43,-16,24,-70,63,-128,127,-100,127,-127,102,-98,97,-109,75,2
-72,76,-25,23,-55,61,-128,127,-128,127,-128,127,-56,85,-126,77,2
-64,39,-17,14,-66,64,-128,127,-128,127,-113,127,-48,75,-71,43,2
-48,41,-23,18,-32,27,-95,98,-114,127,-84,116,-115,72,-66,74,2
-42,52,-25,18,-55,47,-128,127,-128,127,-126,107,-88,65,-45,32,2
-38,21,-24,24,-55,60,-127,127,-128,127,-104,120,-89,56,-58,45,2
-24,26,-21,18,-29,28,-128,127,-88,102,-98,125,-63,86,-70,77,2
-29,24,-18,20,-55,29,-128,127,-128,127,-108,106,-121,78,-67,108,2
-63,59,-22,18,-62,34,-109,98,-128,97,-128,105,-59,68,-71,65,2
-65,27,-28,15,-56,40,-128,127,-115,109,-101,117,-75,60,-62,64,2
-64,39,-18,15,-52,39,-128,127,-112,127,-128,119,-98,85,-92,86,2
-52,22,-14,15,-34,55,-108,121,-98,123,-124,127,-118,127,-80,85,2
-23,34,-16,14,-33,23,-128,127,-118,127,-86,127,-80,69,-54,43,2
-63,55,-25,28,-60,65,-128,127,-128,127,-82,127,-84,78,-71,58,2
-40,41,-37,27,-80,73,-128,127,-128,113,-103,127,-86,61,-82,68,2
-76,76,-20,20,-37,27,-123,127,-128,127,-111,119,-111,70,-64,69,2
-81,32,-22,16,-51,28,-128,127,-128,127,-89,108,-101,68,-49,28,2
-38,44,-12,15,-36,24,-128,127,-107,127,-105,112,-55,49,-50,57,2
-41,48,-22,21,-73,48,-128,127,-128,127,-116,127,-78,50,-57,67,2
-50,42,-24,13,-44,22,-128,127,-119,121,-125,111,-76,74,-35,34,2
-21,15,-19,12,-31,13,-108,71,-87,101,-106,95,-46,43,-51,29,2
-69,55,-24,14,-23,14,-126,127,-128,109,-128,105,-120,110,-59,52,2
-65,34,-22,15,-47,34,-113,125,-128,124,-128,127,-77,77,-72,71,2
-29,38,-21,14,-45,42,-107,117,-115,127,-104,98,-68,63,-64,36,2
-63,32,-18,14,-48,39,-128,127,-128,127,-118,92,-57,83,-57,63,2
-88,59,-19,17,-36,23,-128,126,-84,103,-90,105,-36,47,-51,38,2
-72,41,-16,7,-26,16,-128,127,-109,127,-125,103,-25,20,-27,24,2
-42,26,-13,11,-19,23,-84,106,-96,121,-95,101,-26,28,-69,22,2
-56,28,-17,15,-41,56,-128,127,-128,127,-128,96,-30,26,-61,50,2
-31,17,-17,12,-34,37,-128,127,-117,127,-84,104,-64,35,-38,22,2
-67,45,-19,11,-18,14,-128,118,-102,127,-82,92,-38,20,-48,53,2
-40,19,-18,9,-35,25,-128,127,-128,127,-109,127,-76,74,-53,55,2
-21,23,-14,22,-66,41,-126,127,-124,127,-121,87,-72,48,-61,75,2
-70,23,-22,18,-87,89,-128,127,-128,127,-107,126,-53,49,-70,37,2
-34,22,-24,13,-82,61,-128,127,-116,127,-128,127,-92,88,-96,74,2
-43,40,-25,15,-44,41,-128,127,-117,110,-124,117,-43,32,-66,68,2
-53,30,-25,13,-38,26,-128,127,-99,114,-91,107,-94,102,-65,66,2
-75,49,-17,9,-45,25,-118,106,-121,117,-84,112,-52,31,-57,40,2
-65,44,-20,14,-40,33,-127,125,-121,127,-100,89,-61,51,-59,49,2
-66,51,-39,33,-34,46,-128,127,-128,127,-128,127,-67,60,-91,64,2
-33,35,-25,20,-57,42,-125,127,-126,127,-106,127,-70,98,-59,52,2
-39,50,-16,16,-40,19,-128,120,-128,111,-107,110,-45,49,-32,40,2
-63,22,-12,9,-15,14,-99,86,-116,91,-105,117,-33,24,-39,45,2
-68,37,-15,13,-40,18,-128,127,-121,118,-128,106,-43,26,-84,110,2
-72,50,-20,9,-29,26,-123,127,-118,127,-124,127,-49,52,-74,86,2
-45,34,-22,30,-50,50,-128,127,-128,127,-99,114,-85,51,-86,72,2
-34,64,-37,24,-73,56,-121,116,-123,114,-124,118,-60,45,-65,49,2
-32,30,-26,23,-51,33,-128,127,-115,127,-124,127,-59,52,-66,48,2
-56,36,-23,15,-85,34,-128,127,-128,114,-119,127,-89,111,-55,43,2
-22,24,-11,13,-60,53,-128,127,-121,127,-117,98,-66,79,-42,43,2
-57,26,-29,26,-14,12,-95,120,-112,96,-94,86,-76,92,-86,97,2
-45,28,-17,15,-35,28,-127,110,-118,102,-115,116,-75,49,-72,74,2
-23,34,-17,11,-28,30,-119,127,-105,127,-124,118,-50,58,-66,49,2
-30,31,-16,10,-38,41,-118,116,-111,127,-118,78,-44,37,-49,44,2
-35,44,-23,29,-85,48,-128,127,-125,119,-103,127,-74,102,-68,77,2
-44,23,-28,8,-46,32,-128,127,-128,127,-128,124,-54,53,-54,66,2
-26,31,-12,11,-37,36,-128,127,-97,99,-97,116,-34,31,-83,74,2
-39,33,-12,13,-29,22,-115,104,-113,98,-120,92,-75,74,-32,37,2
-36,30,-17,10,-52,29,-121,127,-127,101,-126,127,-30,46,-80,50,2
-34,26,-22,12,-54,29,-128,127,-128,127,-128,106,-128,95,-65,81,2
-63,39,-28,14,-27,21,-119,124,-124,117,-128,125,-53,78,-48,53,2
-56,59,-17,19,-35,46,-124,127,-128,127,-128,114,-54,41,-59,53,2
-24,14,-18,13,-66,31,-128,127,-90,112,-121,98,-38,36,-64,52,2
-41,58,-26,20,-41,29,-128,125,-112,127,-94,113,-75,106,-121,100,2
-34,35,-14,10,-49,36,-128,127,-128,127,-83,104,-84,87,-127,91,2
-32,28,-12,7,-15,10,-72,81,-72,127,-90,83,-68,26,-31,50,2
-29,34,-13,7,-35,16,-124,91,-110,104,-128,86,-40,47,-74,58,2
-68,36,-16,11,-19,17,-54,45,-87,101,-106,127,-61,104,-67,48,2
-46,34,-14,13,-21,27,-108,117,-84,94,-105,122,-101,64,-94,80,2
-68,32,-20,16,-60,82,-119,127,-128,102,-127,109,-77,80,-96,94,2
-59,33,-34,22,-23,14,-80,81,-93,127,-108,91,-78,100,-51,60,2
-45,48,-26,39,-43,30,-128,127,-128,127,-128,127,-107,124,-75,74,2
-87,50,-17,15,-60,45,-128,102,-105,127,-84,100,-55,50,-32,19,2
-64,53,-21,13,-49,53,-128,127,-128,127,-65,79,-31,23,-55,47,2
-84,31,-23,25,-89,87,-128,127,-128,121,-93,127,-83,92,-51,44,2
-42,43,-14,9,-25,29,-128,114,-120,127,-103,84,-90,65,-87,55,2
-67,35,-28,25,-71,84,-128,127,-124,127,-83,127,-128,88,-104,112,2
-41,42,-20,14,-25,24,-99,127,-96,127,-85,119,-83,60,-58,51,2
-39,40,-16,12,-43,44,-128,127,-128,110,-94,84,-43,29,-47,28,2
-47,61,-26,19,-46,30,-128,121,-103,127,-119,106,-71,75,-74,96,2
-30,21,-27,19,-65,58,-128,127,-128,127,-103,111,-61,66,-76,46,2
-56,72,-17,20,-61,32,-128,127,-118,79,-92,123,-97,94,-58,66,2
-65,57,-24,14,-37,56,-128,127,-128,123,-108,127,-61,69,-48,55,2
-69,44,-21,12,-61,60,-126,127,-126,127,-120,105,-59,71,-67,75,2
-59,44,-20,19,-92,46,-128,127,-94,106,-92,108,-85,63,-52,65,2
-42,46,-24,15,-46,56,-128,127,-128,116,-128,124,-51,92,-64,89,2
-45,35,-11,15,-20,20,-93,80,-108,96,-128,120,-39,38,-67,60,2
-34,22,-21,9,-58,40,-128,127,-128,127,-128,121,-52,63,-70,43,2
-89,36,-18,11,-52,49,-128,127,-121,122,-128,127,-104,58,-58,65,2
-104,88,-81,50,-27,27,-111,101,-87,127,-33,29,-86,92,-105,69,3
-113,119,-49,57,-23,24,-85,113,-86,87,-25,28,-125,94,-82,97,3
-61,50,-53,44,-29,18,-36,25,-46,40,-14,15,-75,63,-85,36,3
-96,73,-56,65,-27,29,-83,36,-31,51,-23,26,-63,79,-44,53,3
-110,121,-53,53,-31,34,-80,79,-84,70,-24,21,-61,78,-72,72,3
-81,74,-68,36,-19,14,-31,34,-33,25,-18,12,-83,64,-87,60,3
-99,122,-67,84,-33,39,-73,38,-97,84,-33,38,-69,104,-81,90,3
-99,100,-65,79,-20,26,-36,27,-72,29,-17,14,-41,70,-33,34,3
-87,58,-54,47,-22,25,-81,36,-80,60,-19,19,-50,57,-47,58,3
-108,82,-78,52,-44,44,-62,61,-86,45,-15,14,-75,56,-75,59,3
-122,102,-128,103,-86,53,-106,98,-104,108,-36,45,-92,112,-96,55,3
-100,116,-55,61,-37,26,-118,113,-53,55,-18,15,-29,46,-96,46,3
-80,84,-77,92,-32,29,-61,54,-108,35,-19,15,-38,105,-66,39,3
-89,70,-44,35,-23,29,-91,71,-71,100,-22,14,-94,48,-82,83,3
-107,98,-68,47,-23,24,-40,43,-67,49,-13,10,-51,57,-52,98,3
-69,70,-37,39,-23,22,-60,56,-87,58,-17,16,-59,48,-47,37,3
-116,85,-69,70,-41,49,-77,85,-80,59,-24,17,-64,41,-48,52,3
-79,103,-62,48,-38,32,-63,78,-84,65,-24,32,-51,52,-67,33,3
-61,62,-63,48,-17,21,-71,63,-87,80,-13,12,-61,54,-39,40,3
-94,82,-78,40,-26,25,-43,68,-41,43,-14,15,-76,88,-41,78,3
-58,92,-48,52,-85,86,-55,50,-85,36,-15,11,-59,34,-31,45,3
-75,110,-61,55,-28,24,-96,82,-81,87,-22,20,-100,55,-40,57,3
-123,75,-91,63,-43,39,-102,89,-70,69,-27,19,-64,84,-82,72,3
-78,78,-43,31,-20,23,-58,44,-92,57,-23,16,-63,74,-45,32,3
-100,71,-60,28,-18,27,-36,30,-26,25,-15,14,-65,45,-60,66,3
-77,52,-25,25,-20,13,-24,18,-16,10,-20,9,-77,57,-59,47,3
-78,76,-41,75,-20,25,-27,28,-77,43,-15,10,-78,51,-63,61,3
-98,61,-42,42,-19,18,-49,36,-81,57,-22,13,-64,34,-45,98,3
-74,46,-47,49,-18,21,-49,38,-51,35,-17,10,-54,46,-49,50,3
-94,89,-45,24,-25,25,-76,84,-97,46,-13,18,-82,65,-60,67,3
-89,46,-61,35,-14,19,-30,26,-44,51,-9,16,-37,67,-81,37,3
-92,73,-33,49,-26,30,-71,47,-72,45,-18,17,-59,71,-58,48,3
-73,108,-42,77,-37,36,-108,115,-57,73,-18,11,-76,51,-68,64,3
-102,59,-34,43,-14,15,-16,18,-61,47,-9,4,-38,22,-45,43,3
-41,44,-48,46,-17,17,-44,31,-96,45,-22,10,-68,47,-33,46,3
-113,37,-48,50,-29,14,-76,63,-86,85,-30,23,-48,67,-54,41,3
-68,90,-42,57,-14,11,-72,32,-52,51,-11,12,-49,65,-62,41,3
-82,55,-49,29,-16,13,-31,21,-29,26,-11,5,-34,14,-49,21,3
-78,43,-36,30,-15,12,-62,42,-98,72,-27,14,-77,71,-38,56,3
-65,48,-25,22,-13,11,-47,39,-47,38,-15,12,-55,72,-41,42,3
-82,66,-71,54,-32,23,-96,97,-83,80,-19,12,-67,49,-72,48,3
-85,70,-68,47,-36,25,-128,98,-81,119,-87,65,-79,58,-69,62,3
-110,79,-45,45,-43,49,-102,127,-70,87,-28,30,-69,56,-43,51,3
-99,51,-31,51,-27,20,-72,42,-78,72,-17,12,-61,61,-69,36,3
-62,81,-71,65,-19,17,-86,40,-96,92,-44,21,-80,71,-46,45,3
-74,65,-33,21,-18,14,-64,48,-83,92,-21,20,-35,28,-80,68,3
-106,99,-67,66,-11,17,-28,36,-77,73,-9,9,-41,23,-44,29,3
-80,82,-41,46,-22,18,-34,35,-92,50,-18,10,-45,28,-64,87,3
-105,63,-50,34,-24,31,-91,99,-87,97,-48,19,-55,69,-48,42,3
-87,116,-52,51,-24,19,-62,56,-89,64,-31,23,-86,96,-64,76,3
-85,82,-49,54,-22,15,-100,64,-98,90,-18,15,-45,78,-44,84,3
-74,45,-33,29,-18,23,-52,46,-46,83,-11,10,-19,13,-54,34,3
-72,49,-42,55,-15,10,-45,48,-57,54,-13,10,-41,28,-34,36,3
-112,89,-59,50,-21,32,-74,69,-65,63,-31,16,-38,35,-40,47,3
-90,73,-60,43,-31,24,-78,66,-79,87,-22,15,-72,65,-59,44,3
-118,82,-85,51,-46,40,-52,40,-79,73,-36,16,-66,90,-95,75,3
-116,72,-63,48,-30,33,-56,50,-97,83,-31,19,-62,114,-45,59,3
-99,127,-30,33,-19,14,-42,41,-78,70,-39,20,-75,33,-44,40,3
-126,93,-92,80,-40,50,-95,86,-86,69,-30,18,-32,39,-57,51,3
-92,93,-34,41,-14,25,-82,52,-60,45,-14,9,-18,32,-65,38,3
-55,67,-25,32,-14,18,-18,36,-49,38,-23,8,-39,34,-68,27,3
-123,78,-64,66,-13,10,-52,32,-92,112,-21,17,-35,66,-45,36,3
-99,81,-63,66,-20,14,-93,95,-97,66,-20,19,-36,91,-67,58,3
-68,87,-49,30,-21,16,-16,14,-24,11,-9,12,-73,107,-46,53,3
-83,57,-34,21,-12,11,-15,17,-15,7,-14,7,-56,28,-35,37,3
-73,53,-52,41,-18,16,-20,16,-11,12,-8,5,-51,43,-52,48,3
-65,65,-66,71,-27,17,-58,50,-95,115,-21,23,-70,87,-58,59,3
-115,127,-50,49,-21,26,-52,78,-77,69,-24,19,-80,100,-74,72,3
-79,70,-28,29,-11,10,-36,24,-45,36,-14,13,-35,61,-35,25,3
-82,39,-36,35,-17,10,-56,33,-69,38,-14,8,-26,22,-34,38,3
-111,55,-43,49,-15,19,-62,44,-75,98,-24,14,-16,23,-33,29,3
-84,88,-97,127,-57,49,-34,42,-56,39,-18,14,-71,69,-37,55,3
-77,55,-35,42,-17,15,-47,42,-95,61,-19,12,-37,51,-38,22,3
-83,52,-54,48,-98,61,-67,53,-62,42,-14,10,-36,34,-52,34,3
-92,87,-78,37,-35,29,-99,96,-71,51,-23,22,-57,58,-47,41,3
-111,93,-41,35,-16,14,-39,53,-78,47,-15,10,-34,50,-54,31,3
-73,64,-50,41,-11,12,-54,59,-78,105,-15,15,-56,85,-58,55,3
-102,67,-56,39,-18,15,-79,103,-126,127,-45,36,-70,59,-48,79,3
-112,70,-36,37,-12,21,-44,35,-63,65,-16,10,-101,42,-64,48,3
-113,66,-36,30,-23,20,-95,42,-62,60,-24,8,-33,37,-73,66,3
-112,76,-53,46,-12,16,-65,40,-44,29,-10,10,-59,60,-43,55,3
-95,101,-44,46,-23,10,-30,25,-61,57,-17,13,-80,60,-46,83,3
-77,53,-73,47,-18,14,-37,35,-67,72,-15,11,-69,66,-69,67,3
-107,83,-59,32,-21,33,-51,51,-72,74,-23,24,-35,29,-44,20,3
-65,96,-59,62,-20,11,-67,43,-53,64,-34,14,-83,49,-83,54,3
-101,77,-72,50,-23,16,-58,33,-73,38,-16,10,-30,49,-76,42,3
-115,123,-46,23,-34,17,-19,19,-61,28,-26,13,-70,57,-59,55,3
-107,61,-31,33,-14,14,-50,54,-80,56,-17,15,-52,96,-63,39,3
-81,56,-48,34,-17,30,-49,47,-67,39,-13,10,-61,72,-74,42,3
-84,78,-94,61,-40,59,-97,50,-79,114,-20,15,-64,62,-40,46,3
-88,91,-74,93,-35,25,-115,94,-109,92,-25,27,-72,79,-74,32,3
-78,106,-39,37,-17,14,-30,37,-84,65,-23,14,-47,37,-52,36,3
-84,89,-106,54,-26,25,-109,76,-106,58,-17,13,-20,17,-62,27,3
-103,95,-43,47,-29,16,-108,57,-94,68,-19,17,-61,66,-56,60,3
-92,85,-58,33,-15,14,-63,48,-67,63,-17,15,-25,28,-51,30,3
-84,92,-35,49,-21,15,-50,62,-89,51,-21,17,-60,54,-66,35,3
-86,62,-51,35,-14,14,-79,52,-101,64,-16,16,-53,75,-44,32,3
-111,78,-48,34,-15,17,-61,35,-99,52,-28,16,-70,60,-69,40,3
-92,72,-64,55,-20,13,-59,63,-34,33,-16,9,-82,55,-44,44,3
-80,71,-63,39,-19,17,-108,97,-107,125,-38,27,-79,42,-44,51,3
-108,74,-33,29,-21,15,-19,10,-45,41,-42,41,-62,73,-128,127,4
-83,97,-37,18,-25,16,-19,15,-49,40,-107,74,-70,81,-117,127,4
-92,115,-23,16,-16,8,-15,8,-13,31,-34,65,-90,68,-128,124,4
-72,74,-30,25,-22,18,-24,16,-47,42,-52,50,-88,80,-124,127,4
-93,109,-25,23,-15,14,-14,11,-38,16,-34,34,-73,85,-98,111,4
-80,48,-27,23,-15,12,-12,10,-20,13,-25,20,-76,73,-128,126,4
-106,69,-41,23,-26,15,-21,17,-19,15,-35,37,-82,45,-127,111,4
-84,58,-20,21,-10,13,-29,13,-40,29,-60,39,-77,92,-99,127,4
-80,70,-28,18,-20,11,-28,16,-60,31,-38,48,-91,53,-117,127,4
-63,48,-21,21,-16,10,-19,11,-25,23,-38,35,-95,51,-106,87,4
-81,63,-28,29,-20,20,-12,15,-45,40,-75,53,-92,68,-125,98,4
-48,48,-16,13,-10,8,-9,7,-18,10,-18,18,-95,62,-113,95,4
-63,39,-33,22,-22,13,-16,10,-21,22,-40,31,-62,70,-128,127,4
-48,34,-20,16,-14,12,-10,11,-21,12,-36,28,-66,77,-110,118,4
-49,39,-27,17,-22,11,-14,10,-54,79,-66,45,-77,59,-123,119,4
-51,57,-18,12,-12,5,-10,5,-15,9,-25,28,-48,55,-128,115,4
-50,48,-18,15,-9,9,-8,9,-21,15,-33,26,-63,67,-105,127,4
-51,59,-20,24,-15,11,-15,8,-17,10,-31,29,-88,80,-102,121,4
-81,60,-27,17,-18,14,-14,12,-20,19,-41,37,-115,70,-124,127,4
-54,48,-19,21,-12,23,-19,22,-21,18,-33,46,-89,84,-128,110,4
-51,67,-37,22,-26,14,-19,11,-14,14,-46,35,-94,101,-110,127,4
-92,60,-19,22,-14,16,-16,12,-52,36,-45,57,-78,68,-128,127,4
-66,62,-28,22,-18,20,-22,29,-52,45,-28,26,-93,61,-106,101,4
-110,109,-53,44,-22,24,-30,26,-64,80,-46,39,-100,108,-128,125,4
-90,106,-44,47,-27,22,-49,41,-86,124,-41,44,-106,107,-119,127,4
-115,84,-41,25,-26,22,-27,38,-82,73,-33,33,-90,70,-128,127,4
-118,76,-40,24,-21,21,-25,23,-68,27,-62,60,-100,75,-119,127,4
-114,89,-45,19,-33,13,-21,16,-45,43,-47,49,-111,69,-112,122,4
-74,96,-28,17,-17,12,-14,20,-33,20,-64,43,-72,87,-106,127,4
-104,61,-23,19,-18,12,-19,14,-44,53,-55,57,-64,48,-128,120,4
-64,42,-23,17,-18,14,-16,15,-21,24,-36,47,-61,98,-128,83,4
-44,46,-15,16,-13,12,-13,9,-16,12,-26,22,-80,46,-119,127,4
-51,43,-14,23,-11,17,-9,12,-20,14,-21,22,-81,71,-106,106,4
-76,62,-15,26,-13,15,-13,8,-17,22,-27,41,-90,75,-97,127,4
-49,49,-24,10,-18,7,-14,8,-35,24,-45,36,-88,91,-128,124,4
-33,58,-16,18,-13,12,-10,11,-18,17,-32,40,-68,98,-97,94,4
-51,48,-13,16,-8,14,-8,12,-12,13,-16,14,-96,100,-88,81,4
-65,53,-17,10,-13,7,-10,6,-13,11,-18,10,-80,75,-104,125,4
-60,41,-28,23,-20,16,-17,17,-45,23,-48,44,-108,83,-97,110,4
-65,55,-29,25,-22,12,-21,21,-52,37,-68,46,-105,127,-114,127,4
-88,69,-29,15,-19,8,-16,9,-31,21,-67,55,-80,41,-99,111,4
-70,94,-25,19,-14,13,-13,13,-61,33,-80,84,-63,77,-111,119,4
-48,47,-12,13,-10,10,-13,10,-33,19,-37,39,-56,45,-120,127,4
-83,53,-25,19,-17,16,-16,14,-39,21,-54,36,-48,38,-128,93,4
-82,47,-22,22,-12,17,-18,10,-44,27,-43,57,-67,49,-112,113,4
-81,63,-18,11,-11,11,-10,15,-26,37,-56,52,-62,121,-85,85,4
-85,55,-22,23,-18,12,-17,9,-53,35,-75,77,-61,80,-102,92,4
-68,56,-22,21,-13,17,-14,20,-49,44,-45,38,-90,77,-128,98,4
-115,58,-32,26,-20,26,-36,33,-42,40,-83,76,-83,60,-100,104,4
-101,75,-32,25,-20,14,-15,12,-30,20,-52,43,-60,77,-97,127,4
-82,46,-20,11,-10,7,-8,5,-14,10,-32,18,-82,59,-101,120,4
-58,45,-26,11,-19,8,-15,7,-18,8,-32,14,-85,75,-103,106,4
-45,63,-22,16,-12,10,-9,7,-10,16,-54,39,-106,78,-128,127,4
-59,44,-19,14,-12,10,-10,7,-15,11,-27,32,-58,83,-99,114,4
-42,46,-16,9,-13,8,-11,6,-11,9,-22,33,-86,94,-98,127,4
-42,38,-15,9,-8,8,-8,5,-12,6,-16,11,-58,50,-111,101,4
-46,56,-20,14,-14,8,-12,11,-65,38,-50,72,-75,93,-115,127,4
-77,84,-32,25,-23,18,-22,28,-70,99,-48,27,-80,100,-128,113,4
-37,66,-15,16,-11,11,-13,10,-42,30,-33,31,-93,84,-112,127,4
-36,35,-11,7,-8,5,-6,5,-7,5,-11,14,-31,50,-89,99,4
-47,37,-13,13,-10,11,-8,8,-15,8,-16,14,-67,37,-96,99,4
-43,45,-13,18,-9,10,-7,8,-11,10,-21,19,-53,49,-118,117,4
-67,65,-33,17,-20,12,-18,14,-27,26,-41,37,-82,75,-115,105,4
-41,43,-16,12,-9,9,-18,14,-16,13,-19,22,-74,59,-106,114,4
-72,63,-25,22,-15,15,-15,13,-20,11,-41,23,-61,42,-103,127,4
-59,33,-16,23,-12,20,-15,24,-18,12,-38,26,-90,87,-109,100,4
-85,36,-25,16,-18,10,-48,30,-88,60,-37,36,-44,43,-117,127,4
-30,44,-22,19,-15,15,-17,13,-20,21,-25,36,-38,32,-92,98,4
-71,79,-21,30,-11,16,-16,11,-33,19,-37,31,-100,66,-125,127,4
-94,44,-29,18,-18,10,-17,22,-41,42,-46,32,-65,51,-87,125,4
-65,81,-29,17,-23,19,-20,17,-27,12,-56,78,-111,66,-103,127,4
-77,82,-21,25,-15,13,-31,30,-38,37,-38,47,-90,85,-125,103,4
-78,57,-34,26,-16,9,-34,22,-41,32,-60,51,-70,52,-121,113,4
-89,75,-38,18,-18,15,-34,30,-32,34,-57,42,-75,62,-101,127,4
-107,114,-47,27,-25,17,-39,43,-97,82,-72,51,-114,105,-108,101,4
-110,72,-52,26,-24,17,-43,22,-57,72,-54,44,-99,100,-96,127,4
-87,77,-20,19,-22,13,-34,24,-62,48,-44,72,-97,84,-84,127,4
-93,78,-37,22,-28,32,-98,78,-63,119,-45,63,-101,64,-106,127,4
-100,79,-35,44,-22,16,-65,50,-23,25,-68,74,-79,92,-128,109,4
-88,71,-36,26,-29,21,-37,35,-39,46,-29,47,-90,64,-117,104,4
-91,89,-31,36,-42,30,-99,86,-96,48,-52,44,-100,86,-109,112,4
-100,100,-58,42,-29,27,-71,41,-65,58,-59,52,-122,91,-93,125,4
-100,111,-33,32,-33,24,-37,39,-56,64,-33,45,-99,70,-93,106,4
-55,56,-22,17,-14,11,-28,12,-36,34,-51,54,-94,56,-98,100,4
-65,82,-33,30,-29,16,-41,17,-58,30,-58,55,-47,61,-128,127,4
-73,86,-27,19,-19,10,-33,27,-51,42,-62,55,-72,56,-128,127,4
-79,73,-35,26,-23,15,-22,24,-41,40,-42,39,-95,76,-127,119,4
-102,95,-33,29,-16,15,-20,16,-53,41,-47,48,-86,78,-128,127,4
-109,77,-43,42,-31,29,-60,58,-70,71,-61,85,-105,102,-128,127,4
-102,75,-35,67,-31,43,-52,56,-83,81,-53,57,-84,100,-126,122,4
-61,47,-23,11,-17,11,-14,9,-21,16,-35,31,-66,66,-125,78,4
-83,49,-20,22,-18,17,-16,8,-25,20,-28,43,-103,102,-103,111,4
-68,43,-20,22,-12,13,-15,10,-32,25,-65,45,-100,80,-128,127,4
-63,55,-31,27,-17,19,-17,20,-28,24,-63,90,-100,95,-123,113,4
-94,80,-24,35,-18,26,-21,26,-32,47,-53,48,-86,72,-122,127,4
-75,68,-30,22,-20,15,-17,11,-40,40,-51,50,-79,89,-105,127,4
-75,53,-22,17,-17,14,-35,13,-39,30,-61,63,-80,71,-87,104,4
-90,102,-42,35,-22,20,-21,25,-55,44,-82,66,-59,66,-111,127,4
-67,44,-36,22,-24,14,-27,17,-51,30,-40,53,-85,73,-119,123,4
-106,93,-52,32,-34,28,-99,39,-53,36,-42,51,-91,53,-91,113,4
